timestamp,b00,pred_reg,pred_cls_prob,pred_duration_6h,CCRI,risk_tier
2025-09-18 11:00:00,1185.0,1264.1030001259962,1.204825929731116e-05,6,0.7527861053497482,High
2025-09-18 12:00:00,1217.0,1270.869487401706,5.741546123876176e-05,5,0.7224253148670927,High
2025-09-18 13:00:00,1258.0,1285.059936202733,3.9750677607821555e-05,4,0.6952920558965653,High
2025-09-18 14:00:00,1259.0,1222.892669681514,3.031483054855355e-05,3,0.6347706257074791,Normal
2025-09-18 15:00:00,1194.0,1240.3076519225515,1.3684933507257981e-05,2,0.6090477408027234,Normal
2025-09-18 16:00:00,1116.0,1145.3952510071304,2.4777635050483303e-06,1,0.5342065845367641,Normal
2025-09-18 17:00:00,987.0,913.471562814375,7.719737268731348e-06,0,0.3994563839701464,Normal
2025-09-18 18:00:00,856.0,826.7995206365342,3.7249125402292066e-06,0,0.361554170052271,Normal
2025-09-18 19:00:00,784.0,800.0012175709633,3.6550057637553497e-06,0,0.34983545786737685,Normal
2025-09-18 20:00:00,742.0,752.630844315818,3.3420166980172216e-06,0,0.3291206651534692,Normal
2025-09-18 21:00:00,704.0,744.9842913991758,4.209572000631229e-06,0,0.325777146813867,Normal
2025-09-18 22:00:00,679.0,736.1894702705912,3.1694200135260856e-06,0,0.321930927330548,Normal
2025-09-18 23:00:00,667.0,725.8608320368439,3.199243732528081e-06,0,0.31741430245146673,Normal
2025-09-19 00:00:00,652.0,695.9305393347172,5.572335285097726e-06,0,0.30432672825765966,Normal
2025-09-19 01:00:00,633.0,689.7083572186929,0.0002858005119587023,0,0.30168988446821626,Normal
2025-09-19 02:00:00,620.0,688.7840313828067,0.0002857335400284165,0,0.301285663818702,Normal
2025-09-19 03:00:00,595.0,689.8728197580224,0.0002780788232250437,0,0.3017594861614079,Normal
2025-09-19 04:00:00,598.0,698.8046902333541,0.00027559596497139555,0,0.30566457936381103,Normal
2025-09-19 05:00:00,586.0,700.648380269986,0.00027559596497139555,0,0.3064708107949077,Normal
2025-09-19 06:00:00,588.0,694.7668482201365,0.0002780788232250437,1,0.33723294038949114,Normal
2025-09-19 07:00:00,603.0,694.599924873311,0.0002545957903264277,1,0.3371529011876741,Normal
2025-09-19 08:00:00,690.0,790.28021752956,0.0002584094435561265,2,0.41232763253347493,Normal
2025-09-19 09:00:00,870.0,986.5783788384213,0.00047328856250159596,3,0.5315651013310476,Normal
2025-09-19 10:00:00,1022.0,1126.7084979469353,0.0005152141581699686,4,0.6261888324884873,Normal
2025-09-19 11:00:00,1050.0,1152.898929124881,0.0010165816371099398,4,0.637792116257596,Normal
2025-09-19 12:00:00,1071.0,1143.3765667660562,0.0120199634375211,3,0.6035957418588127,Normal
2025-09-19 13:00:00,1105.0,1194.7792796636688,0.0029599773366563832,3,0.6233557558665858,Normal
2025-09-19 14:00:00,1189.0,1207.057769984954,0.0027809375342360805,2,0.5953379996957646,Normal
2025-09-19 15:00:00,1142.0,1206.1178356560195,0.0007660557187940723,1,0.5609891757862548,Normal
2025-09-19 16:00:00,1044.0,1133.8992601065922,0.0011266522063662348,0,0.4961833953936714,Normal
2025-09-19 17:00:00,888.0,1066.5805645604098,5.361442485787865e-06,0,0.46640906188753395,Normal
2025-09-19 18:00:00,743.0,902.9999631390319,3.5408643616334473e-06,0,0.39487598054644857,Normal
2025-09-19 19:00:00,660.0,806.9048767394535,3.5408643616334473e-06,0,0.35285434052564285,Normal
2025-09-19 20:00:00,628.0,750.7230247197638,3.38593042312277e-06,0,0.32828640353483957,Normal
2025-09-19 21:00:00,615.0,731.762776715391,3.386141063462694e-06,0,0.3199952334019618,Normal
2025-09-19 22:00:00,588.0,728.1777211141793,3.541112498908907e-06,0,0.31842756273351325,Normal
2025-09-19 23:00:00,553.0,713.5798923874011,3.3904338057530884e-06,0,0.3120439996329408,Normal
2025-09-20 00:00:00,543.0,701.456859927317,3.3912641196429412e-06,0,0.3067426913023236,Normal
2025-09-20 01:00:00,531.0,689.7142458966263,3.3912641196429412e-06,0,0.30160773676730057,Normal
2025-09-20 02:00:00,520.0,690.4236640801229,3.3912641196429412e-06,0,0.30191795986660813,Normal
2025-09-20 03:00:00,511.0,676.082882972177,3.3919134528433058e-06,0,0.2956468471053359,Normal
2025-09-20 04:00:00,513.0,674.9201633186108,3.3919134528433058e-06,0,0.29513839876986003,Normal
2025-09-20 05:00:00,512.0,687.9819067132614,3.3919134528433058e-06,0,0.3008501984001953,Normal
2025-09-20 06:00:00,508.0,688.6710335160656,3.3919134528433058e-06,0,0.3011515482352505,Normal
2025-09-20 07:00:00,515.0,693.8480133799993,3.3919134528433058e-06,0,0.3034154015953754,Normal
2025-09-20 08:00:00,522.0,733.3922390453826,3.3919134528433058e-06,0,0.3207077864411788,Normal
2025-09-20 09:00:00,539.0,736.845128117232,4.788609357845378e-06,0,0.3222181272060503,Normal
2025-09-20 10:00:00,568.0,727.7547454619618,4.025283068400393e-06,0,0.31824274399473407,Normal
2025-09-20 11:00:00,586.0,715.4045974581741,3.969119945388081e-06,0,0.3128421026907562,Normal
2025-09-20 12:00:00,566.0,753.7091832649982,7.5194676721906665e-06,0,0.32959346769310827,Normal
2025-09-20 13:00:00,563.0,819.7083983808304,5.287845548034043e-06,0,0.3584537458695077,Normal
2025-09-20 14:00:00,579.0,831.7823075969025,5.675825953497683e-06,0,0.3637336896276629,Normal
2025-09-20 15:00:00,613.0,763.4880260987504,4.004466634021869e-06,0,0.33386862573160747,Normal
2025-09-20 16:00:00,610.0,779.3353325817543,3.4888517369003575e-06,0,0.3407983759286338,Normal
2025-09-20 17:00:00,572.0,730.0645861515947,3.401413044294437e-06,0,0.31925263234957124,Normal
2025-09-20 18:00:00,544.0,716.9316745360798,3.4016655006217812e-06,0,0.3135097114809689,Normal
2025-09-20 19:00:00,531.0,693.8131166141216,3.4016655006217812e-06,0,0.3034001444344593,Normal
2025-09-20 20:00:00,513.0,682.5126549170549,3.4016655006217812e-06,0,0.29845853970423947,Normal
2025-09-20 21:00:00,505.0,703.905439114143,3.4016655006217812e-06,0,0.30781343921319876,Normal
2025-09-20 22:00:00,493.0,702.9756338512336,3.4016655006217812e-06,0,0.30740684254409373,Normal
2025-09-20 23:00:00,480.0,707.5665413391108,3.4016655006217812e-06,0,0.3094144109750353,Normal
2025-09-21 00:00:00,458.0,677.4422417240738,3.4016655006217812e-06,0,0.2962412871272843,Normal
2025-09-21 01:00:00,450.0,665.5654169463409,3.4016655006217812e-06,0,0.29104764326785937,Normal
2025-09-21 02:00:00,446.0,658.2102673569336,3.402299813886723e-06,0,0.28783129327912277,Normal
2025-09-21 03:00:00,443.0,665.4617188593946,3.401476039694176e-06,0,0.29100229683750956,Normal
2025-09-21 04:00:00,429.0,666.3667147716637,3.401476039694176e-06,0,0.29139804456895485,Normal
2025-09-21 05:00:00,433.0,672.610950573375,3.3442404163809003e-06,0,0.2941285835473458,Normal
2025-09-21 06:00:00,437.0,671.1636861667934,3.190276080035919e-06,0,0.2934956597970068,Normal
2025-09-21 07:00:00,432.0,669.0567783833322,3.190276080035919e-06,0,0.29257432527564026,Normal
2025-09-21 08:00:00,428.0,661.82517098959,3.1801364408002876e-06,0,0.28941199610389795,Normal
2025-10-01 00:00:00,578.0,712.8647374828699,0.00028442186950876266,0,0.31181557734048787,Normal
2025-10-01 01:00:00,555.0,690.7149481827622,0.00028442186950876266,0,0.3021296453393913,Normal
2025-10-01 02:00:00,553.0,683.5792562922154,0.00028442186950876266,0,0.29900926231921165,Normal
2025-10-01 03:00:00,543.0,682.9753481961578,0.00028442186950876266,0,0.29874517796725364,Normal
2025-10-01 04:00:00,537.0,690.6130955015227,0.00028442186950876266,0,0.3020851059475601,Normal
2025-10-01 05:00:00,535.0,696.5801950285742,0.00028425058880031335,1,0.33802775449063377,Normal
2025-10-01 06:00:00,563.0,696.9347650800555,0.0003024915924390626,2,0.37152161087347635,Normal
2025-10-01 07:00:00,581.0,721.0249221235471,0.00030248925476880775,3,0.4153893833531085,Normal
2025-10-01 08:00:00,720.0,842.5710313061229,0.00028442186950876266,4,0.5018684724296604,Normal
2025-10-01 09:00:00,937.0,1085.7927212598663,0.0004309942708587845,5,0.6416047463279603,Normal
2025-10-01 10:00:00,1045.0,1263.6225059590427,0.006071217653740874,6,0.7543937397753258,High
2025-10-01 11:00:00,1092.0,1298.8277370462624,0.007950174807534143,6,0.7703524029085287,High
2025-10-01 12:00:00,1088.0,1308.6960640517927,0.025769292239128286,5,0.7466801480815366,High
2025-10-01 13:00:00,1195.0,1379.2706219795868,0.12947737528837108,4,0.7753209494442398,High
2025-10-01 14:00:00,1258.0,1373.9677020335591,0.1482218825320692,3,0.7452920422974724,High
2025-10-01 15:00:00,1242.0,1296.8482388889588,0.059690484164269544,2,0.6516755431075509,High
2025-10-01 16:00:00,1140.0,1235.6517696273859,0.0040868016109872046,1,0.5749003610596702,Normal
2025-10-01 17:00:00,1023.0,1107.8557918331567,0.00025098062620310623,0,0.4845320861386903,Normal
2025-10-01 18:00:00,928.0,971.4511832916593,0.00029637270524404365,0,0.42489702064997587,Normal
2025-10-01 19:00:00,820.0,848.1829270716879,0.0003024840113413488,0,0.3709945964679152,Normal
2025-10-01 20:00:00,751.0,827.2890876351289,0.0002842501903503617,0,0.36185241150765995,Normal
2025-10-01 21:00:00,670.0,794.2452293088254,0.0002842501903503617,0,0.347402587156469,Normal
2025-10-01 22:00:00,614.0,748.8161159567666,0.0003025460907513607,0,0.3275422750904607,Normal
2025-10-01 23:00:00,594.0,731.9507495227086,0.0003025621439052333,0,0.3201671852614629,Normal
2025-10-02 00:00:00,580.0,700.3452907931825,0.0003025121711750135,0,0.3063463469665451,Normal
2025-10-02 01:00:00,563.0,692.337393055404,0.0003025121711750135,0,0.3028445550574239,Normal
2025-10-02 02:00:00,552.0,683.796345513693,0.0002952751462014813,0,0.29910744974418096,Normal
2025-10-02 03:00:00,541.0,679.0106225676603,0.00030249612067176064,0,0.29701685630850355,Normal
2025-10-02 04:00:00,542.0,679.831426743235,0.00022207904235719,0,0.2973516625194393,Normal
2025-10-02 05:00:00,542.0,676.7715364223792,0.00022209135847622234,1,0.32934693311378993,Normal
2025-10-02 06:00:00,560.0,678.8472894632206,0.0003025121711750135,2,0.36361210348367445,Normal
2025-10-02 07:00:00,588.0,697.6561924735458,0.00030249612067176064,3,0.40517042019948024,Normal
2025-10-02 08:00:00,683.0,832.7167988153248,0.00029523568763696834,4,0.4975625367208054,Normal
2025-10-02 09:00:00,890.0,1082.326181461374,0.0004487428365531924,5,0.6400941797841071,Normal
2025-10-02 10:00:00,1046.0,1242.0020397120552,0.0015786057956800447,6,0.7435914931048293,High
2025-10-02 11:00:00,1082.0,1247.1582383981065,0.004414355551569398,6,0.7466969839429356,High
2025-10-02 12:00:00,1104.0,1243.8545943372912,0.037677844569871555,5,0.7218980392510665,High
2025-10-02 13:00:00,1160.0,1306.8771329907847,0.030910078593866963,4,0.7140936461325816,High
2025-10-02 14:00:00,1171.0,1320.8764312004412,0.0550863083559124,3,0.6941349668466552,High
2025-10-02 15:00:00,1153.0,1221.3650281776152,0.0010805407982211425,2,0.6010843343187685,Normal
2025-10-02 16:00:00,1096.0,1189.2387605950496,0.00103643953223439,1,0.5536892016085404,Normal
2025-10-02 17:00:00,1002.0,1039.1077959661993,0.00028279818675331557,0,0.4544786631249954,Normal
2025-10-02 18:00:00,912.0,934.3149806434183,0.0002963884309340064,0,0.40865765041218133,Normal
2025-10-02 19:00:00,840.0,843.175405397511,0.00030021760541423434,0,0.3688041659452201,Normal
2025-10-02 20:00:00,786.0,828.2589324664599,0.0003015212198713174,0,0.3622816984800334,Normal
2025-10-02 21:00:00,687.0,794.120401916302,0.00030021828853389956,0,0.34735279153007154,Normal
2025-10-02 22:00:00,630.0,754.1198196998774,0.0002971459705995352,0,0.32985992378937706,Normal
2025-10-02 23:00:00,622.0,733.7276143011092,0.00029613003009189737,0,0.32094226488847005,Normal
2025-10-03 00:00:00,604.0,700.6410296842911,0.0002837019126386828,0,0.30647002822478475,Normal
2025-10-03 01:00:00,570.0,695.1594646866615,0.00026856604216515134,0,0.30406844137407224,Normal
2025-10-03 02:00:00,560.0,680.8303088146379,0.0006123044193729959,0,0.2979055335571561,Normal
2025-10-03 03:00:00,562.0,689.4842949025794,0.0006123044193729959,0,0.3016898549179841,Normal
2025-10-03 04:00:00,559.0,671.1862763585985,0.0002685643441557059,0,0.29358515053404893,Normal
2025-10-03 05:00:00,556.0,682.7773596341139,0.0002857990137456461,0,0.2986590122395941,Normal
2025-10-03 06:00:00,578.0,688.7276549944779,0.00032997138439093274,0,0.30127428221227276,Normal
2025-10-03 07:00:00,597.0,685.4772320651805,0.0006123044193729959,0,0.29993759724901486,Normal
2025-10-03 08:00:00,701.0,733.7123761938691,5.5989984048511536e-06,0,0.32084844207221214,Normal
2025-10-03 09:00:00,866.0,842.9935514508493,1.4662151775167674e-05,0,0.36863897598104467,Normal
2025-10-03 10:00:00,976.0,878.6768227800926,3.4809203358614506e-05,0,0.38424903939389743,Normal
2025-10-03 11:00:00,1022.0,1026.8026105000042,6.710682666786421e-06,0,0.4490148741895841,Normal
2025-10-03 12:00:00,1024.0,1026.1672979065459,6.72789436392482e-05,0,0.44875522737145357,Normal
2025-10-03 13:00:00,1077.0,941.9256141995697,6.650533574901179e-06,0,0.41189880038990007,Normal
2025-10-03 14:00:00,1087.0,934.5519851694935,6.178712721639129e-06,0,0.40867422774775625,Normal
2025-10-03 15:00:00,1077.0,919.9604332699131,2.061096548182313e-05,0,0.40229778433473506,Normal
2025-10-03 16:00:00,1029.0,894.5280676551549,3.7529791776286035e-06,0,0.39117134963660566,Normal
2025-10-03 17:00:00,942.0,826.7090540540728,3.500800952959232e-06,0,0.3615145424801288,Normal
2025-10-03 18:00:00,833.0,814.8504397147739,3.504833353101127e-06,0,0.35632886311467876,Normal
2025-10-03 19:00:00,765.0,748.510031539756,3.3113137167491313e-06,0,0.3273186563028766,Normal
2025-10-03 20:00:00,713.0,742.618690160989,3.471119370351816e-06,0,0.3247424661044786,Normal
2025-10-03 21:00:00,659.0,726.0416702967548,3.734650257576248e-06,0,0.3174935422495266,Normal
2025-10-03 22:00:00,630.0,706.8571326168542,3.7360150748226165e-06,0,0.3091042923179273,Normal
2025-10-03 23:00:00,623.0,703.3128296264305,3.7360150748226165e-06,0,0.30755439596038675,Normal
2025-10-04 00:00:00,604.0,676.4914685081555,3.4016655006217812e-06,0,0.29582552133407186,Normal
2025-10-04 01:00:00,587.0,677.5730850292268,3.4016655006217812e-06,0,0.2962985038953239,Normal
2025-10-04 02:00:00,576.0,668.5886482855599,3.4016655006217812e-06,0,0.29236967901178934,Normal
2025-10-04 03:00:00,579.0,673.8243441050454,3.4016655006217812e-06,0,0.29465920840635185,Normal
2025-10-04 04:00:00,579.0,674.0025335209799,3.4016655006217812e-06,0,0.29473712926341605,Normal
2025-10-04 05:00:00,571.0,670.4453298119845,3.4016655006217812e-06,0,0.29318159152115814,Normal
2025-10-04 06:00:00,580.0,673.1382002859558,3.4016655006217812e-06,0,0.2943591630070648,Normal
2025-10-04 07:00:00,579.0,672.7628168881878,3.4016655006217812e-06,0,0.2941950107428668,Normal
2025-10-04 08:00:00,586.0,697.064512894097,3.4016655006217812e-06,0,0.30482195494695513,Normal
2025-10-04 09:00:00,627.0,706.6668313399953,3.6710538538709973e-06,0,0.3090210555491434,Normal
2025-10-04 10:00:00,714.0,708.5492415612977,4.3195981706216265e-06,0,0.30984441358161036,Normal
2025-10-04 11:00:00,692.0,725.7122454203235,9.219235328921295e-06,0,0.31735113266771403,Normal
2025-10-04 12:00:00,701.0,713.3098806404213,1.8001205430607098e-05,0,0.3119303088103003,Normal
2025-10-04 13:00:00,747.0,788.4732369123584,9.708284137253626e-06,0,0.3447961768338324,Normal
2025-10-04 14:00:00,747.0,788.3086002180952,9.213351185323667e-06,0,0.34472403399752594,Normal
2025-10-04 15:00:00,729.0,801.2826283461931,4.4106076681052625e-06,0,0.3503960355953637,Normal
2025-10-04 16:00:00,722.0,795.7411321490675,3.705154980530774e-06,0,0.3479725704187469,Normal
2025-10-04 17:00:00,711.0,786.1305923709054,3.402299813886723e-06,0,0.34376986465133363,Normal
2025-10-04 18:00:00,686.0,732.3990525315224,3.402299813886723e-06,0,0.32027347675585394,Normal
2025-10-04 19:00:00,644.0,710.2579182983815,3.4016655006217812e-06,0,0.3105913293584841,Normal
2025-10-04 20:00:00,650.0,703.2432140403545,3.402299813886723e-06,0,0.3075238534870206,Normal
2025-10-04 21:00:00,635.0,710.4314626280819,3.402299813886723e-06,0,0.31066721914546364,Normal
2025-10-04 22:00:00,623.0,712.7035131488402,3.402299813886723e-06,0,0.3116607693119663,Normal
2025-10-04 23:00:00,611.0,708.0744679054117,3.402299813886723e-06,0,0.3096365235347105,Normal
2025-10-05 00:00:00,591.0,687.0332473105719,3.4022734755098148e-06,0,0.30043536006920896,Normal
2025-10-05 01:00:00,577.0,678.8728671656787,3.402299813886723e-06,0,0.2968668887875822,Normal
2025-10-05 02:00:00,566.0,679.6938229477975,3.402299813886723e-06,0,0.29722588641838454,Normal
2025-10-05 03:00:00,565.0,666.6028041109095,3.401476039694176e-06,0,0.29150128461585256,Normal
2025-10-05 04:00:00,564.0,674.7326932842338,3.401476039694176e-06,0,0.29505642243871616,Normal
2025-10-05 05:00:00,558.0,671.0751115643791,3.401476039694176e-06,0,0.2934569901666089,Normal
2025-10-05 06:00:00,551.0,672.4576015229641,3.4016876471310124e-06,0,0.29406154242467963,Normal
2025-10-05 07:00:00,555.0,670.5961102275193,3.401476039694176e-06,0,0.29324752657693787,Normal
2025-10-05 08:00:00,588.0,660.2727775385815,3.402299813886723e-06,0,0.28873321307169225,Normal
2025-10-05 09:00:00,615.0,660.1136173154499,3.639533174317495e-06,0,0.2886636847038607,Normal
2025-10-05 10:00:00,653.0,720.957404486106,3.326244790799436e-06,0,0.31527010950808215,Normal
2025-10-05 11:00:00,647.0,738.4120812545294,3.454236813009271e-06,0,0.3229029434140076,Normal
2025-10-05 12:00:00,663.0,750.4952719488301,7.571084766242967e-06,0,0.3281880645512607,Normal
2025-10-05 13:00:00,719.0,810.9245422768473,3.066946803581288e-06,0,0.3546119670828373,Normal
2025-10-05 14:00:00,741.0,827.36858391437,2.7010334369302906e-06,0,0.3618027098702768,Normal
2025-10-05 15:00:00,733.0,834.5651457120504,1.2290954410793653e-05,0,0.3649525878075976,Normal
2025-10-05 16:00:00,742.0,830.3200472116465,1.0321937330151962e-05,0,0.3630956482742402,Normal
2025-10-05 17:00:00,725.0,792.8138468231941,3.1805817081859265e-06,0,0.3466923337543594,Normal
2025-10-05 18:00:00,689.0,729.8914961225806,3.1709940246644877e-06,0,0.3191768722893656,Normal
2025-10-05 19:00:00,642.0,718.5713668475314,3.1805615936123472e-06,0,0.31422666994927717,Normal
2025-10-05 20:00:00,625.0,720.5211445561305,3.1903007772603647e-06,0,0.3150792956227373,Normal
2025-10-05 21:00:00,623.0,711.2123560262982,3.3442404163809003e-06,0,0.3110086803870008,Normal
2025-10-05 22:00:00,606.0,713.0172059151636,3.190276080035919e-06,0,0.31179788113178475,Normal
2025-10-05 23:00:00,596.0,709.7402437458848,3.190276080035919e-06,0,0.31036489085310764,Normal
2025-10-06 00:00:00,582.0,698.8794116312115,7.913832888771485e-06,0,0.3056169498150807,Normal
2025-10-06 01:00:00,562.0,688.555779348565,7.913832888771485e-06,0,0.301102505052685,Normal
2025-10-06 02:00:00,561.0,684.2590021585056,8.071381228906785e-06,0,0.2992236047966083,Normal
2025-10-06 03:00:00,569.0,687.672366467904,7.913875205360603e-06,0,0.3007161954271689,Normal
2025-10-06 04:00:00,556.0,677.4226052735185,2.819473158359895e-06,0,0.29623252560122615,Normal
2025-10-06 05:00:00,556.0,675.5314997967422,2.819473158359895e-06,1,0.3287388930972426,Normal
2025-10-06 06:00:00,582.0,682.9559583638455,2.8089593068656208e-06,2,0.3653188817367595,Normal
2025-10-06 07:00:00,601.0,709.1140035401269,2.7844971896955848e-06,3,0.41009091910817685,Normal
2025-10-06 08:00:00,714.0,801.7872410756585,2.7844823005262696e-06,4,0.4839495443451821,Normal
2025-10-06 09:00:00,991.0,1086.966281670693,2.1619966262931798e-06,5,0.6419892855606926,Normal
2025-10-06 10:00:00,1120.0,1252.3211366972341,1.1187963337748481e-05,6,0.7476337292669242,High
2025-10-06 11:00:00,1179.0,1285.3826785778429,6.0716748462534896e-05,6,0.7621061451355422,High
2025-10-06 12:00:00,1160.0,1306.8874557943911,0.0002415256017692546,5,0.7382309276506744,High
2025-10-06 13:00:00,1273.0,1335.9409540632982,0.0008579305982108285,4,0.7177873864953478,High
2025-10-06 14:00:00,1335.0,1348.9307380803527,0.0021620628831290198,3,0.6905256251970852,High
2025-10-06 15:00:00,1333.0,1271.9017321552133,0.000501187063246171,2,0.623009839015837,Normal
2025-10-06 16:00:00,1284.0,1227.7710698592143,4.8061181793620376e-06,1,0.5702295931936315,Normal
2025-10-06 17:00:00,1171.0,1099.4693368873566,9.29229065589218e-06,0,0.4807922475819652,Normal
2025-10-06 18:00:00,990.0,945.6445805969638,9.907903064241662e-06,0,0.41352605291883066,Normal
2025-10-06 19:00:00,889.0,841.289152457021,5.7948944988091675e-06,0,0.3678909952713149,Normal
2025-10-06 20:00:00,801.0,823.1165339245099,5.794939295682849e-06,0,0.3599442493810846,Normal
2025-10-06 21:00:00,691.0,798.0414974224794,5.479819143762414e-06,0,0.3489790348074186,Normal
2025-10-06 22:00:00,646.0,749.3652397680315,5.48407615133447e-06,0,0.3276932840928959,Normal
2025-10-06 23:00:00,630.0,734.2203868834707,5.528065201807002e-06,0,0.3210705699481029,Normal
2025-10-07 00:00:00,616.0,702.114536741101,5.527744452872097e-06,0,0.30703092924388026,Normal
2025-10-07 01:00:00,595.0,684.9056452337269,5.5277871845795e-06,0,0.29950561374709067,Normal
2025-10-07 02:00:00,589.0,678.1959272637417,3.144198943156361e-06,0,0.2965707907600073,Normal
2025-10-07 03:00:00,580.0,676.1963947570051,4.212406649994507e-06,0,0.2956967310811891,Normal
2025-10-07 04:00:00,568.0,675.4879961894377,3.6539399214719305e-06,0,0.2953867863120437,Normal
2025-10-07 05:00:00,561.0,681.6192091143037,0.0003025069543748117,1,0.3314909076665863,Normal
2025-10-07 06:00:00,582.0,683.0722491513447,0.00028425058880031335,2,0.3654541672899329,Normal
2025-10-07 07:00:00,616.0,708.7982313725809,0.0003024909041482643,3,0.41004274629721127,Normal
2025-10-07 08:00:00,713.0,838.9113076382251,0.000302488566483327,4,0.500273523509289,Normal
2025-10-07 09:00:00,939.0,1084.816288201119,0.00114778751866743,5,0.6413927976577571,Normal
2025-10-07 10:00:00,1090.0,1245.4647355553263,0.008187361781129462,6,0.747088330082059,High
2025-10-07 11:00:00,1162.0,1274.4636833148645,0.00022652112893678763,6,0.7573810940485222,High
2025-10-07 12:00:00,1163.0,1302.6119111711644,0.00018685993482796192,5,0.7363448652677047,High
2025-10-07 13:00:00,1305.0,1378.4835320933084,0.0021084683635346933,4,0.7367660890310015,High
2025-10-07 14:00:00,1312.0,1365.3860771852137,0.0002878244995044216,3,0.6971591465387675,High
2025-10-07 15:00:00,1318.0,1326.825167397926,4.435313951115574e-05,2,0.6468903833999866,Normal
2025-10-07 16:00:00,1244.0,1218.190855835333,1.7469090962409007e-06,1,0.5660393217384625,Normal
2025-10-07 17:00:00,1133.0,1037.949872106845,3.3806688021205614e-06,0,0.4538884866979491,Normal
2025-10-07 18:00:00,986.0,927.8348732527477,3.38098467907881e-06,0,0.4057360472028498,Normal
2025-10-07 19:00:00,887.0,823.4022740671419,3.38098467907881e-06,0,0.36006847715492,Normal
2025-10-07 20:00:00,821.0,807.3418695939084,3.3846798800819105e-06,0,0.35304538727466034,Normal
2025-10-07 21:00:00,743.0,785.8502779182094,3.3953910856606597e-06,0,0.34364728323085086,Normal
2025-10-07 22:00:00,684.0,746.41793643733,3.3955802076597675e-06,0,0.32640382453261135,Normal
2025-10-07 23:00:00,654.0,732.0527528542078,3.5405124653829953e-06,0,0.32012208404205855,Normal
2025-10-08 00:00:00,641.0,698.4440390131521,3.5526312281927308e-06,0,0.30542525636709805,Normal
2025-10-08 01:00:00,630.0,684.7216691298742,4.250416054769793e-06,0,0.29942477920469845,Normal
2025-10-08 02:00:00,625.0,681.5229856349385,3.395585999980934e-06,0,0.2980257631374663,Normal
2025-10-08 03:00:00,622.0,681.0588244179504,3.395585999980934e-06,0,0.29782278901774084,Normal
2025-10-08 04:00:00,620.0,678.4447431341013,3.396201019459487e-06,0,0.2966796716214136,Normal
2025-10-08 05:00:00,607.0,683.1704052035376,4.24524917753886e-06,1,0.332079755239177,Normal
2025-10-08 06:00:00,628.0,676.9585973959394,3.395585999980934e-06,2,0.3626964580361606,Normal
2025-10-08 07:00:00,647.0,697.2840396106876,3.3962191795968554e-06,3,0.40491795065283087,Normal
2025-10-08 08:00:00,798.0,799.6711411312881,3.3962191795968554e-06,4,0.48302437368382045,Normal
2025-10-08 09:00:00,1005.0,1035.8349404252035,3.806284431235773e-06,5,0.6196304377391586,Normal
2025-10-08 10:00:00,1157.0,1181.667154832085,1.4047324330622434e-05,6,0.7167381458188162,High
2025-10-08 11:00:00,1248.0,1213.3543672862165,1.494612682852611e-05,6,0.7305949890357992,High
2025-10-08 12:00:00,1320.0,1312.58698858166,0.00019492246050832244,5,0.740709308430908,High
2025-10-08 13:00:00,1335.0,1371.7725311526192,0.0051431589663711716,4,0.7347418272680493,High
2025-10-08 14:00:00,1451.0,1393.2595858538032,0.011430712597187549,3,0.712690883297174,High
2025-10-08 15:00:00,1420.0,1292.7034842228636,5.90882902451021e-05,2,0.6319736551018177,Normal
2025-10-08 16:00:00,1305.0,1229.9245069660653,1.849282970899199e-06,1,0.5711703875786345,Normal
2025-10-08 17:00:00,1150.0,1100.7972057257366,3.1694650215819434e-06,0,0.48137107753433617,Normal
2025-10-08 18:00:00,1000.0,937.3499499237781,5.5264601761920655e-06,0,0.40989756047600023,Normal
2025-10-08 19:00:00,922.0,846.058248988317,0.00030249048013757866,0,0.3700654930721141,Normal
2025-10-08 20:00:00,832.0,833.5342906268852,0.0003024840113413488,0,0.3645888607477811,Normal
2025-10-08 21:00:00,738.0,787.9902932647856,3.1744186903198886e-06,0,0.34458302914246275,Normal
2025-10-08 22:00:00,688.0,756.7210115917813,5.549555036510997e-06,0,0.33090992601387026,Normal
2025-10-08 23:00:00,669.0,737.6806820963856,0.00030249048013757866,0,0.32267281907704176,Normal
2025-10-09 00:00:00,656.0,706.9155025439566,0.0003024909041482643,0,0.3092194435035151,Normal
2025-10-09 01:00:00,639.0,688.4669774973179,0.0003024909041482643,0,0.3011520458095153,Normal
2025-10-09 02:00:00,618.0,684.0613220127832,0.0003024909041482643,0,0.29922548665063187,Normal
2025-10-09 03:00:00,604.0,685.8328457236374,0.0003080435443273975,0,0.30000182609619896,Normal
2025-10-09 04:00:00,595.0,695.8511719141492,0.00031122538848246824,0,0.3043837174128317,Normal
2025-10-09 05:00:00,601.0,704.4361783317858,0.0003024904789152077,1,0.34146858735639646,Normal
2025-10-09 06:00:00,615.0,699.6376107687192,0.0003024909041482643,2,0.37270354423733354,Normal
2025-10-09 07:00:00,641.0,719.0289818178805,0.0003024909041482643,3,0.41451657454861046,Normal
2025-10-09 08:00:00,743.0,845.113554423252,0.0003024844353429696,4,0.502985716945925,Normal
2025-10-09 09:00:00,961.0,1083.6808369486207,0.00047777567508167784,5,0.6406952700306485,Normal
2025-10-09 10:00:00,1097.0,1211.904754559364,0.0011560836405626641,6,0.7303034258265417,High
2025-10-09 11:00:00,1190.0,1257.7799938856665,0.0011654987851937157,6,0.7503671386532538,High
2025-10-09 12:00:00,1208.0,1271.305975874863,0.008173836468581545,5,0.7250511142116065,High
2025-10-09 13:00:00,1264.0,1355.1809608245028,0.010055863518577618,4,0.7289602729138772,High
2025-10-09 14:00:00,1286.0,1348.1171346129518,0.01045713587471928,3,0.6926583645742714,High
2025-10-09 15:00:00,1267.0,1325.649831381367,0.007506195501009591,2,0.6486149707347441,Normal
2025-10-09 16:00:00,1184.0,1232.3601003157453,0.000628666147148894,1,0.5724234988219353,Normal
2025-10-09 17:00:00,1050.0,1102.4663865149835,0.0002669487311791382,0,0.48218013119753433,Normal
2025-10-09 18:00:00,922.0,943.4360485614942,0.00030670426853953055,0,0.41264931780561614,Normal
2025-10-09 19:00:00,842.0,853.0324042306066,0.0003076943856703658,0,0.3731167985337379,Normal
2025-10-09 20:00:00,770.0,836.7379089246249,0.0003067066387738821,0,0.36599104510542646,Normal
2025-10-09 21:00:00,692.0,798.1971439170504,0.0003076967635540641,0,0.349137762902186,Normal
2025-10-09 22:00:00,646.0,756.4542348399416,0.0002956587771495201,0,0.33088029936479674,Normal
2025-10-09 23:00:00,622.0,737.2616200254452,0.00029939048714510785,0,0.32248863646809783,Normal
2025-10-10 00:00:00,604.0,709.0876790930048,0.0003024904789152077,0,0.3101693194250305,Normal
2025-10-10 01:00:00,582.0,691.3873205077248,0.0003024909041482643,0,0.30242908928091944,Normal
2025-10-10 02:00:00,580.0,685.3164051912216,0.0003024909041482643,0,0.2997743248430573,Normal
2025-10-10 03:00:00,566.0,678.3947274776027,0.0002842483920573706,0,0.2967420558179507,Normal
2025-10-10 04:00:00,563.0,679.221497303269,0.0002842483920573706,0,0.2971035958851478,Normal
2025-10-10 05:00:00,560.0,673.4457048125566,0.00028441967144250636,1,0.32791127109962376,Normal
2025-10-10 06:00:00,592.0,676.4056174154763,0.00028441967144250636,2,0.36253895138193365,Normal
2025-10-10 07:00:00,605.0,700.3052111610207,0.00028441967144250636,3,0.4063233927026487,Normal
2025-10-10 08:00:00,680.0,836.1499971481815,0.0002798458186489887,4,0.4990592309079386,Normal
2025-10-10 09:00:00,877.0,1072.173428096544,0.0004076475748449642,5,0.6356421304758282,Normal
2025-10-10 10:00:00,1027.0,1235.5738481597966,0.0013515583981504155,6,0.7407123803057827,High
2025-10-10 11:00:00,1086.0,1261.1364790210255,0.004741046866840502,6,0.7529075681360646,High
2025-10-10 12:00:00,1084.0,1269.4541168653438,0.03476029327307431,5,0.7322172475930282,High
2025-10-10 13:00:00,1171.0,1319.1842716061615,0.05948236326195414,4,0.7280471483142641,High
2025-10-10 14:00:00,1201.0,1328.0803322639013,0.0384266108966923,3,0.6922872679742295,High
2025-10-10 15:00:00,1170.0,1303.2348818061096,0.009487870122281911,2,0.6394075885771091,Normal
2025-10-10 16:00:00,1116.0,1209.487021850346,0.0007691171237614961,1,0.5624634133411746,Normal
2025-10-10 17:00:00,996.0,1078.4340944257137,0.00019693664066153257,0,0.47164999162089954,Normal
2025-10-10 18:00:00,941.0,923.417005091494,0.0001987061900085324,0,0.40386274509624254,Normal
2025-10-10 19:00:00,839.0,838.7876360327872,0.00019858227035019036,0,0.3668549376480401,Normal
2025-10-10 20:00:00,744.0,817.2333102223615,0.0001987061900085324,0,0.35742943441357133,Normal
2025-10-10 21:00:00,670.0,764.1658140834079,0.0001987061900085324,0,0.3342234277059652,Normal
2025-10-10 22:00:00,628.0,730.5590631711567,0.0001987061900085324,0,0.31952745476900035,Normal
2025-10-10 23:00:00,612.0,720.5281396413558,0.00019858651758874736,0,0.3151409733845908,Normal
2025-10-11 00:00:00,595.0,691.6367113971547,9.317105353494848e-05,0,0.30247535003792275,Normal
2025-10-11 01:00:00,578.0,685.9697770260893,9.322720629844334e-05,0,0.2999972601970869,Normal
2025-10-11 02:00:00,572.0,678.8738775809338,9.322720629844334e-05,0,0.29689427810632446,Normal
2025-10-11 03:00:00,559.0,675.922286776941,9.322720629844334e-05,0,0.29560357021582556,Normal
2025-10-11 04:00:00,567.0,675.3325015949475,9.322720629844334e-05,0,0.29534566170524595,Normal
2025-10-11 05:00:00,573.0,676.1804437116228,9.317105353494848e-05,0,0.29571644340615266,Normal
2025-10-11 06:00:00,567.0,679.0387079922228,9.915126705710706e-05,0,0.296968134391934,Normal
2025-10-11 07:00:00,559.0,676.1739000162835,9.915126705710706e-05,0,0.2957153759627144,Normal
2025-10-11 08:00:00,575.0,697.2584537881245,9.317105353494848e-05,0,0.3049336946202954,Normal
2025-10-11 09:00:00,622.0,705.4035036730982,0.00023209489163186805,0,0.308537139256845,Normal
2025-10-11 10:00:00,668.0,721.342038151576,1.0831106386176097e-05,0,0.31544055830146983,Normal
2025-10-11 11:00:00,695.0,729.4213818570066,1.1314499879489156e-05,0,0.31897373799917084,Normal
2025-10-11 12:00:00,725.0,754.6281659942234,9.82360569553657e-06,0,0.3299960229931235,Normal
2025-10-11 13:00:00,771.0,808.0207289033855,6.4642301577246976e-06,0,0.3533431710791686,Normal
2025-10-11 14:00:00,795.0,819.6671971968627,4.143080098585753e-06,0,0.35843538547994297,Normal
2025-10-11 15:00:00,782.0,829.6606792228707,3.503988358945033e-06,0,0.36280526635431365,Normal
2025-10-11 16:00:00,783.0,814.9434193570015,3.844251399622862e-06,0,0.35636962422040913,Normal
2025-10-11 17:00:00,758.0,792.5400691860812,3.384693330079788e-06,0,0.34657267413901227,Normal
2025-10-11 18:00:00,721.0,728.3373406544949,3.384693330079788e-06,0,0.31849731620146365,Normal
2025-10-11 19:00:00,683.0,718.5315621165403,3.384693330079788e-06,0,0.31420932488698283,Normal
2025-10-11 20:00:00,657.0,721.9831903832542,3.386337546946328e-06,0,0.3157186957959877,Normal
2025-10-11 21:00:00,656.0,717.9887991229384,3.4022734755098148e-06,0,0.3139719840907091,Normal
2025-10-11 22:00:00,634.0,699.7246282027123,3.4022734755098148e-06,0,0.30598520303411203,Normal
2025-10-11 23:00:00,620.0,700.6707843876309,3.4022734755098148e-06,0,0.3063989498352834,Normal
2025-10-12 00:00:00,599.0,685.494063842344,3.4022734755098148e-06,0,0.2997622870115616,Normal
2025-10-12 01:00:00,584.0,677.6999867374295,3.4022734755098148e-06,0,0.2963539972158145,Normal
2025-10-12 02:00:00,581.0,672.3870912633345,3.4014497076943664e-06,0,0.29403070876066634,Normal
2025-10-12 03:00:00,577.0,668.4064084092769,3.4014497076943664e-06,0,0.2922899868549214,Normal
2025-10-12 04:00:00,571.0,666.578502076321,3.4014497076943664e-06,0,0.2914906575156893,Normal
2025-10-12 05:00:00,567.0,666.0731724242629,3.4014497076943664e-06,0,0.29126968075687437,Normal
2025-10-12 06:00:00,565.0,670.5086222177213,3.194317835435224e-06,0,0.2932092065976601,Normal
2025-10-12 07:00:00,572.0,675.8364429777582,3.190276080035919e-06,0,0.2955390203055624,Normal
2025-10-12 08:00:00,590.0,677.649360694427,3.4022734755098148e-06,0,0.2963318588377305,Normal
2025-10-12 09:00:00,631.0,682.6633628452689,3.6295115399277194e-06,0,0.29852451147252307,Normal
2025-10-12 10:00:00,691.0,721.6082706999953,4.353687838706331e-06,0,0.31555503651565514,Normal
2025-10-12 11:00:00,747.0,727.3101857494477,4.678270318213272e-06,0,0.3180485373578873,Normal
2025-10-12 12:00:00,850.0,754.3419972705011,1.2117332058543474e-05,0,0.32987157173560716,Normal
2025-10-12 13:00:00,852.0,822.7162201551174,7.121636038010767e-06,0,0.35976959326670666,Normal
2025-10-12 14:00:00,886.0,836.5548483866019,3.3550559312884352e-06,0,0.36581998866939514,Normal
2025-10-12 15:00:00,859.0,837.0000482054236,2.9305416488059498e-06,0,0.3660145437616828,Normal
2025-10-12 16:00:00,835.0,817.7016734022075,2.6199264707384126e-06,0,0.3575754201401799,Normal
2025-10-12 17:00:00,774.0,787.6777150803412,3.1804689352429747e-06,0,0.3444463429286555,Normal
2025-10-12 18:00:00,715.0,731.1343836941948,3.334031295406522e-06,0,0.3197204263481829,Normal
2025-10-12 19:00:00,689.0,724.9677271731364,3.401661313493083e-06,0,0.3170238153091061,Normal
2025-10-12 20:00:00,661.0,727.5495772867823,3.3442404163809003e-06,0,0.3181528212215662,Normal
2025-10-12 21:00:00,603.0,724.3468535148914,3.3442404163809003e-06,0,0.316752294821404,Normal
2025-10-12 22:00:00,602.0,714.7537935650224,3.194317835435224e-06,0,0.3125572787278425,Normal
2025-10-12 23:00:00,595.0,710.3723140717133,3.1903007772603647e-06,0,0.3106412903383149,Normal
2025-10-13 00:00:00,587.0,646.8326393918554,7.493737188014855e-06,0,0.28285717176636166,Normal
2025-10-13 01:00:00,565.0,644.7369641440324,7.493737188014855e-06,0,0.28194074914618367,Normal
2025-10-13 02:00:00,565.0,643.280758301673,7.493737188014855e-06,0,0.28130396156425286,Normal
2025-10-13 03:00:00,568.0,634.3914232037388,7.51634730200521e-06,0,0.27741673067983286,Normal
2025-10-13 04:00:00,560.0,637.1245949479041,7.493737188014855e-06,0,0.27861191881728375,Normal
2025-10-13 05:00:00,557.0,680.4344277065121,7.493737188014855e-06,0,0.2975509745976791,Normal
2025-10-13 06:00:00,557.0,680.766328470129,7.493737188014855e-06,0,0.2976961122413807,Normal
2025-10-13 07:00:00,592.0,681.5865918158636,7.493737188014855e-06,0,0.2980548070750936,Normal
2025-10-13 08:00:00,686.0,688.1161671519909,7.822725061742031e-06,0,0.30091023869787137,Normal
2025-10-13 09:00:00,701.0,719.1187785132172,1.0832323192727506e-05,0,0.3144683443765175,Normal
2025-10-13 10:00:00,734.0,744.2376312705635,6.76707291531598e-06,0,0.325451405349513,Normal
2025-10-13 11:00:00,747.0,758.3921735104694,7.607091827028436e-06,0,0.3316413294908809,Normal
2025-10-13 12:00:00,775.0,795.694360228904,1.2419886926160008e-05,0,0.34795473183843395,Normal
2025-10-13 13:00:00,812.0,848.9412751764899,7.969305259195587e-06,0,0.3712378618325476,Normal
2025-10-13 14:00:00,848.0,870.2224175122004,6.659023450109776e-06,0,0.38054354813217073,Normal
2025-10-13 15:00:00,875.0,864.0883490173394,6.0712349350594945e-06,0,0.3778609909600114,Normal
2025-10-13 16:00:00,822.0,866.3263720780573,3.4819669962446333e-06,0,0.378838884400339,Normal
2025-10-13 17:00:00,767.0,844.8014784561003,3.510254785338086e-06,0,0.36942622294529176,Normal
2025-10-13 18:00:00,711.0,763.994876169853,9.459961980568648e-06,0,0.3340919040065463,Normal
2025-10-13 19:00:00,679.0,743.3012582491226,9.460002626378393e-06,0,0.3250427445291781,Normal
2025-10-13 20:00:00,659.0,741.4272141883217,8.54528061234732e-06,0,0.324222965100854,Normal
2025-10-13 21:00:00,641.0,735.2335893720315,3.1640122890133375e-06,0,0.32151292636479895,Normal
2025-10-13 22:00:00,610.0,727.1899705587489,3.122567571258192e-06,0,0.31799550147149086,Normal
2025-10-13 23:00:00,597.0,714.7895070017385,8.431881188030473e-06,0,0.3125744672072366,Normal
2025-10-14 00:00:00,579.0,703.6861313381976,3.1737608022873783e-06,0,0.3077174692430726,Normal
2025-10-14 01:00:00,561.0,687.6417858954524,8.966158439125887e-06,0,0.3007031384636994,Normal
2025-10-14 02:00:00,564.0,677.550482791312,3.161942719238619e-06,0,0.29628854819419936,Normal
2025-10-14 03:00:00,556.0,676.8859943293262,3.2067938628709234e-06,0,0.295997985970871,Normal
2025-10-14 04:00:00,552.0,677.0678223750979,3.1619671623965678e-06,0,0.2960774845246851,Normal
2025-10-14 05:00:00,557.0,678.3211430059666,5.5277871845795e-06,1,0.3299595950479943,Normal
2025-10-14 06:00:00,586.0,677.8520797581748,5.5277871845795e-06,2,0.3630878106413452,Normal
2025-10-14 07:00:00,605.0,701.7342809243277,3.332855139523796e-06,3,0.40686398784164224,Normal
2025-10-14 08:00:00,732.0,794.0734227888673,3.5217412861296085e-06,4,0.4805765722891927,Normal
2025-10-14 09:00:00,970.0,1050.7402984171317,5.505586467196704e-06,5,0.6261489456021536,Normal
2025-10-14 10:00:00,1134.0,1198.9636934676748,3.392292662414619e-05,6,0.7243077514221865,High
2025-10-14 11:00:00,1235.0,1284.6882927492652,3.3535218931951246e-05,5,0.7284610077768909,High
2025-10-14 12:00:00,1254.0,1286.082093847755,0.00012117688216540841,4,0.6957634654113444,High
2025-10-14 13:00:00,1376.0,1362.1677857681923,0.009829609746800094,3,0.6986143481016648,High
2025-10-14 14:00:00,1305.0,1298.9486466725614,6.757358980356051e-05,2,0.6347071620567796,Normal
2025-10-14 15:00:00,1272.0,1274.5966698333464,1.3561821456753893e-05,1,0.5907086935683072,Normal
2025-10-14 16:00:00,1194.0,1069.2519171605272,3.288632392636385e-06,0,0.4675766019301617,Normal
2025-10-14 17:00:00,1121.0,1001.7569853877274,3.7245953191034904e-06,0,0.4380617196996239,Normal
2025-10-14 18:00:00,1003.0,909.5709171583488,3.553027377742206e-06,0,0.39774941170073946,Normal
2025-10-14 19:00:00,894.0,818.5093645184111,3.5527035135768703e-06,0,0.35792889706801184,Normal
2025-10-14 20:00:00,798.0,809.6944597907843,3.4927329951065283e-06,0,0.3540741892361939,Normal
2025-10-14 21:00:00,722.0,782.0247639599405,3.553027377742206e-06,0,0.34197446277717447,Normal
2025-10-14 22:00:00,675.0,742.5538173887778,3.492073873568137e-06,0,0.3247141040279596,Normal
2025-10-14 23:00:00,655.0,739.1143728026639,5.296209831912205e-06,0,0.3232106026825507,Normal
2025-10-15 00:00:00,635.0,703.316855635964,3.5517791396254964e-06,0,0.3075561012325192,Normal
2025-10-15 01:00:00,610.0,689.7524535186496,3.5524414446886417e-06,0,0.30162449301888156,Normal
2025-10-15 02:00:00,600.0,680.0678397253579,3.4921303836856386e-06,0,0.2973894680192786,Normal
2025-10-15 03:00:00,593.0,674.0762136181291,3.188113046722537e-06,0,0.29476928493580706,Normal
2025-10-15 04:00:00,587.0,672.5067130693438,3.190296247308368e-06,0,0.2940829551076532,Normal
2025-10-15 05:00:00,582.0,669.7873271328834,0.0002114825582401312,1,0.3262896096264672,Normal
2025-10-15 06:00:00,605.0,674.9121056390221,0.0003024909041482643,2,0.3618912715726068,Normal
2025-10-15 07:00:00,620.0,698.7897092593747,0.0003025076784205395,3,0.4056661018134854,Normal
2025-10-15 08:00:00,745.0,809.5044813093375,0.0003024915924390626,4,0.4874141461028866,Normal
2025-10-15 09:00:00,947.0,1052.0313412892428,1.606686393520842e-06,5,0.6267123390212128,Normal
2025-10-15 10:00:00,1133.0,1207.9220644722477,4.875791080820938e-06,6,0.728216463818419,High
2025-10-15 11:00:00,1157.0,1264.705972362572,1.946178377612507e-05,6,0.7530520045149176,High
2025-10-15 12:00:00,1178.0,1245.0837373464972,0.0001122156016869232,5,0.7111658453171295,High
2025-10-15 13:00:00,1281.0,1290.7369367480408,0.00010100142380360352,4,0.6977929396674363,High
2025-10-15 14:00:00,1373.0,1293.8216350911116,0.00027286218302212287,3,0.6658600793524365,High
2025-10-15 15:00:00,1382.0,1247.3517955113232,1.0108680776480562e-05,2,0.6121270175809062,Normal
2025-10-15 16:00:00,1241.0,1197.7235434415682,5.629110906199355e-06,1,0.5570902885707018,Normal
2025-10-15 17:00:00,1143.0,1025.8111201923048,3.5007700459009213e-06,0,0.4485803401524344,Normal
2025-10-15 18:00:00,998.0,929.8111805505018,3.164807869952887e-06,0,0.4066002062862047,Normal
2025-10-15 19:00:00,899.0,817.5989003865578,3.3175174558697833e-06,0,0.35753068757050604,Normal
2025-10-15 20:00:00,805.0,807.1752513783775,3.3377539125354063e-06,0,0.352972512336484,Normal
2025-10-15 21:00:00,714.0,783.3658517866419,3.3377281104863815e-06,0,0.3425608455490794,Normal
2025-10-15 22:00:00,687.0,745.328064403762,3.3377281104863815e-06,0,0.325927214543797,Normal
2025-10-15 23:00:00,661.0,727.5201773146154,3.395063436193823e-06,0,0.31813998008743005,Normal
2025-10-16 00:00:00,641.0,692.4946840332838,3.395053772715412e-06,0,0.30282360205351316,Normal
2025-10-16 01:00:00,620.0,676.4112372743695,3.337744412178394e-06,0,0.2957904176581012,Normal
2025-10-16 02:00:00,602.0,671.2866233998767,3.394756124577206e-06,0,0.2935494806447299,Normal
2025-10-16 03:00:00,595.0,670.9069833807729,3.3953968776592145e-06,0,0.29338346718508257,Normal
2025-10-16 04:00:00,583.0,669.3735816980072,3.3962191795968554e-06,0,0.2927129227043087,Normal
2025-10-16 05:00:00,591.0,671.5062659641364,3.3962191795968554e-06,1,0.32697886241604385,Normal
2025-10-16 06:00:00,616.0,674.8785369799614,3.5533017797627753e-06,1,0.32845357764289884,Normal
2025-10-16 07:00:00,651.0,699.9484129427901,3.5533017797627753e-06,2,0.3727497743498672,Normal
2025-10-16 08:00:00,791.0,798.8427455892062,3.5533017797627753e-06,3,0.44932883649482214,Normal
2025-10-16 09:00:00,998.0,1006.1829368827504,3.803468130460328e-06,4,0.5733305111425105,Normal
2025-10-16 10:00:00,1176.0,1187.26403476804,1.951322554314745e-05,5,0.6858539246784261,High
2025-10-16 11:00:00,1247.0,1141.9512698808735,1.62452508653314e-05,4,0.6327046884027653,Normal
2025-10-16 12:00:00,1200.0,1181.4429982117088,0.00011354273441905346,4,0.6500033058141927,High
2025-10-16 13:00:00,1256.0,1238.332254725658,6.385141569907294e-05,3,0.6415322981244027,Normal
2025-10-16 14:00:00,1296.0,1238.347415589649,1.9751742641613825e-05,2,0.608192364618027,Normal
2025-10-16 15:00:00,1297.0,1170.2663543829374,9.586867496214334e-06,1,0.545084658922591,Normal
2025-10-16 16:00:00,1232.0,1021.4350138685115,7.387071504214337e-06,0,0.4466678685040433,Normal
2025-10-16 17:00:00,1123.0,919.0527565378128,3.5532252799919565e-06,0,0.40189574697939645,Normal
2025-10-16 18:00:00,988.0,899.2926330561152,3.553887854717895e-06,0,0.393254797605973,Normal
2025-10-16 19:00:00,870.0,815.9400275994074,3.553027377742206e-06,0,0.3568053459499342,Normal
2025-10-16 20:00:00,803.0,809.1911464081289,3.184097983798953e-06,0,0.35385400158593217,Normal
2025-10-16 21:00:00,719.0,783.4151764237723,3.202239253177137e-06,0,0.3425823741857572,Normal
2025-10-16 22:00:00,684.0,744.9948431931376,3.35075377381585e-06,0,0.3257815033865037,Normal
2025-10-16 23:00:00,674.0,725.0968142780881,5.549584710980853e-06,0,0.317080908481364,Normal
2025-10-17 00:00:00,645.0,693.2021933659308,0.0003025076784205395,0,0.3032227242144632,Normal
2025-10-17 01:00:00,617.0,679.8183493625778,0.0003024915924390626,0,0.2973700676467792,Normal
2025-10-17 02:00:00,611.0,671.4154640035681,0.0002842483920573706,0,0.2936900777376487,Normal
2025-10-17 03:00:00,595.0,670.7084207002646,0.0003024909041482643,0,0.2933863659087574,Normal
2025-10-17 04:00:00,592.0,670.6869870600386,0.000302488566483327,0,0.2933769924419227,Normal
2025-10-17 05:00:00,590.0,671.0895450025289,0.000302488566483327,1,0.3268863612582411,Normal
2025-10-17 06:00:00,614.0,674.3240836617508,0.0003025076784205395,2,0.3616341391301328,Normal
2025-10-17 07:00:00,613.0,709.3214249142651,0.0003025076784205395,3,0.4102715398294423,Normal
2025-10-17 08:00:00,721.0,850.5616043744827,0.00028425058880031335,4,0.505362637010272,Normal
2025-10-17 09:00:00,911.0,1069.4922633710976,0.0004731816439336952,5,0.6344893380441818,Normal
2025-10-17 10:00:00,1039.0,1237.9487263430258,0.0012448297142278488,6,0.7417188776107113,High
2025-10-17 11:00:00,1114.0,1248.9624223289686,0.0018057951621686472,6,0.7467033715419025,High
2025-10-17 12:00:00,1145.0,1254.2892438174385,0.03447561934282251,5,0.7255003634094463,High
2025-10-17 13:00:00,1248.0,1331.6212687399584,0.034557719095339744,4,0.7260083579739338,High
2025-10-17 14:00:00,1267.0,1329.8352273026055,0.02653276803195381,3,0.6894865171782608,High
2025-10-17 15:00:00,1244.0,1284.6382876595605,0.007092054536081841,2,0.6305566967320393,Normal
2025-10-17 16:00:00,1144.0,1211.0795862984346,0.000649503363760943,1,0.5631239453615426,Normal
2025-10-17 17:00:00,1035.0,1089.2902959403666,0.00020962995248412534,0,0.47640113279384677,Normal
2025-10-17 18:00:00,935.0,918.5781308488438,0.00022692777966126166,0,0.40175520919310936,Normal
2025-10-17 19:00:00,825.0,834.9905111691895,0.00021132543609575358,0,0.36519830718531077,Normal
2025-10-17 20:00:00,742.0,812.8964150897029,0.00021133094505619836,0,0.3555367310526715,Normal
2025-10-17 21:00:00,667.0,760.5353329586563,5.2470005783086276e-06,0,0.33257780855821806,Normal
2025-10-17 22:00:00,643.0,730.8413407306091,3.3267986596427828e-06,0,0.3195922787509015,Normal
2025-10-17 23:00:00,642.0,718.7513884396466,3.338406821540946e-06,0,0.31430543935642047,Normal
2025-10-18 00:00:00,625.0,691.4428116393744,3.1383539963040017e-06,0,0.3023635493596948,Normal
2025-10-18 01:00:00,612.0,685.8871758953429,3.1383539963040017e-06,0,0.29993411270409237,Normal
2025-10-18 02:00:00,595.0,673.8835114643691,4.247384308565807e-06,0,0.2946853355518192,Normal
2025-10-18 03:00:00,587.0,671.7831822591287,3.138329701216337e-06,0,0.29376654507558025,Normal
2025-10-18 04:00:00,579.0,671.4852807239795,3.138329701216337e-06,0,0.29363627503222306,Normal
2025-10-18 05:00:00,574.0,671.4382377008216,3.1383539963040017e-06,0,0.2936157034883668,Normal
2025-10-18 06:00:00,579.0,674.062670289919,3.1805615936123472e-06,0,0.29476336027741584,Normal
2025-10-18 07:00:00,576.0,672.9795719514262,3.1799527205665995e-06,0,0.29428972954617394,Normal
2025-10-18 08:00:00,598.0,691.4469201660438,3.18053697178206e-06,0,0.3023653586416074,Normal
2025-10-18 09:00:00,645.0,684.2786452838498,3.182231936338542e-06,0,0.29923072783900967,Normal
2025-10-18 10:00:00,686.0,708.1246112494249,1.001230650115369e-05,0,0.3096604338342561,Normal
2025-10-18 11:00:00,714.0,724.9086031857845,9.438810011261289e-06,0,0.3169997719901192,Normal
2025-10-18 12:00:00,744.0,707.0026833947031,2.305787390683775e-05,0,0.3091737371079754,Normal
2025-10-18 13:00:00,753.0,791.771162543758,3.5496627602267593e-06,0,0.3462364866863731,Normal
2025-10-18 14:00:00,769.0,806.4532705995532,6.309310525843614e-06,0,0.3526576871781294,Normal
2025-10-18 15:00:00,735.0,795.464662429133,5.272259740452967e-06,0,0.3478521424742895,Normal
2025-10-18 16:00:00,712.0,777.1756405327649,3.6755539611045545e-06,0,0.3398540152657882,Normal
2025-10-18 17:00:00,668.0,711.945625473249,3.400841880010385e-06,0,0.31132935044027127,Normal
2025-10-18 18:00:00,644.0,714.8683183573174,3.190276080035919e-06,0,0.312607358323561,Normal
2025-10-18 19:00:00,618.0,702.4843490694248,3.1479639366610358e-06,0,0.30719193138822976,Normal
2025-10-18 20:00:00,615.0,702.6161615466918,4.26039019143328e-06,0,0.30724990569563526,Normal
2025-10-18 21:00:00,598.0,700.9754296835964,3.1377532032739783e-06,0,0.30653208951714356,Normal
2025-10-18 22:00:00,580.0,695.8662739861196,3.1377532032739783e-06,0,0.3042978951418257,Normal
2025-10-18 23:00:00,573.0,687.824351003592,4.666484696483867e-06,0,0.30078168287508883,Normal
2025-10-19 00:00:00,563.0,673.8453567335152,0.00010897339382127957,0,0.29470006858518993,Normal
2025-10-19 01:00:00,558.0,669.0666503712478,0.00010897339382127957,0,0.29261037715512717,Normal
2025-10-19 02:00:00,555.0,678.1289139774746,8.304378011321935e-05,0,0.2965654562412032,Normal
2025-10-19 03:00:00,548.0,659.9208211273989,8.304378011321935e-05,0,0.28860319769210585,Normal
2025-10-19 04:00:00,529.0,659.057036039587,0.00010897339382127957,0,0.2882332500204146,Normal
2025-10-19 05:00:00,518.0,666.9642510267241,8.304378011321935e-05,0,0.29168323525521817,Normal
2025-10-19 06:00:00,528.0,660.9775343536778,8.304378011321935e-05,0,0.2890652902346452,Normal
2025-10-19 07:00:00,521.0,658.1624927075319,9.916835698985738e-05,0,0.28783913161061797,Normal
2025-10-19 08:00:00,518.0,680.0150162733491,9.916835698985738e-05,0,0.29739507159916845,Normal
2025-10-19 09:00:00,532.0,665.9247026404126,0.0002491542413673464,0,0.29127848190316613,Normal
2025-10-19 10:00:00,557.0,679.9545028267008,0.0006542963945161304,0,0.2975351479469978,Normal
2025-10-19 11:00:00,556.0,705.3038492686793,0.00026003530704578115,0,0.30850194327913455,Normal
2025-10-19 12:00:00,553.0,714.071629724143,0.0013328029910790636,0,0.31265785634429893,Normal
2025-10-19 13:00:00,608.0,777.8840826280491,0.00022157570627910606,0,0.34022918157494525,Normal
2025-10-19 14:00:00,626.0,770.180135063647,0.0002473438850551314,0,0.3368680351856525,Normal
2025-10-19 15:00:00,621.0,772.6433292574792,0.0002271679510853965,0,0.3379391182257485,Normal
2025-10-19 16:00:00,615.0,711.3456919237757,0.00024925593599425615,0,0.3111407606551098,Normal
2025-10-19 17:00:00,607.0,715.9094034819562,9.324327524213395e-05,0,0.31308963271755436,Normal
2025-10-19 18:00:00,597.0,715.8097106289462,9.336254726423334e-05,0,0.31304607358355396,Normal
2025-10-19 19:00:00,571.0,694.7439929508411,0.00016337905921156977,0,0.3038552026939927,Normal
2025-10-19 20:00:00,559.0,699.2591840001647,8.304378011321935e-05,0,0.3058055603266895,Normal
2025-10-19 21:00:00,553.0,692.5934357797472,0.00016337905921156977,0,0.3029147806321185,Normal
2025-10-19 22:00:00,555.0,688.6969071498272,8.304378011321935e-05,0,0.30118675813570756,Normal
2025-10-19 23:00:00,558.0,683.3619470501792,8.304378011321935e-05,0,0.2988538212371384,Normal
2025-10-20 00:00:00,550.0,689.4851496490779,0.00011379955188842797,0,0.3015406772317892,Normal
2025-10-20 01:00:00,542.0,679.8315048331978,0.0001138207699049434,0,0.2973192191858419,Normal
2025-10-20 02:00:00,540.0,671.1838146882795,0.00011382051086774773,0,0.2935376509146209,Normal
2025-10-20 03:00:00,530.0,674.4974030338591,0.00012066661146066801,0,0.29498871136784394,Normal
2025-10-20 04:00:00,523.0,675.1607493418186,0.00012066688607660843,0,0.2952787876737548,Normal
2025-10-20 05:00:00,523.0,676.0220276284141,0.00012066688607660843,1,0.328988751358057,Normal
2025-10-20 06:00:00,549.0,687.4685854805015,0.0001590234783571205,2,0.36733908312092306,Normal
2025-10-20 07:00:00,570.0,738.3492417529432,0.00017785017376031236,3,0.4229277829657817,Normal
2025-10-20 08:00:00,669.0,796.8263153368051,0.00015818191597570134,4,0.48182678901745135,Normal
2025-10-20 09:00:00,812.0,1065.0683644758424,0.0004015467814529926,5,0.6325333107237727,Normal
2025-10-20 10:00:00,966.0,1190.135641407296,0.002954150277679715,6,0.7213233805596446,High
2025-10-20 11:00:00,1060.0,1273.916068706522,0.0014192925905170588,6,0.7574994578429772,High
2025-10-20 12:00:00,1068.0,1278.8575380030406,0.006021839660646018,5,0.7277077550363666,High
2025-10-20 13:00:00,1110.0,1338.5131811476683,0.014301964355085421,4,0.7229454116846674,High
2025-10-20 14:00:00,1147.0,1284.8752877422369,0.046127462573752824,3,0.6757042907846484,High
2025-10-20 15:00:00,1137.0,1254.9779093310935,0.002388491529692958,2,0.616175373182376,Normal
2025-10-20 16:00:00,1089.0,1222.8978919381582,0.00163930015911857,1,0.5685889382919305,Normal
2025-10-20 17:00:00,956.0,1030.6785476599937,0.0003048877143038466,0,0.45079924472079524,Normal
2025-10-20 18:00:00,869.0,930.5984473191978,0.0003020826534386873,0,0.4070341473249794,Normal
2025-10-20 19:00:00,808.0,837.0503877504921,0.00030153209165278836,0,0.36612613732143146,Normal
2025-10-20 20:00:00,730.0,827.4222829491437,0.0003013381485446235,0,0.3619157831784901,Normal
2025-10-20 21:00:00,666.0,805.6673867595445,0.0003002848443174168,0,0.3524022188972101,Normal
2025-10-20 22:00:00,632.0,753.7256358653316,0.0003010067484261296,0,0.3296887084725476,Normal
2025-10-20 23:00:00,608.0,735.9571945359538,0.0003013381485446235,0,0.32191880556208735,Normal
2025-10-21 00:00:00,585.0,696.456730570355,0.00028578355566536025,0,0.30464089099216535,Normal
2025-10-21 01:00:00,558.0,629.0294663171462,0.00028578355566536025,0,0.27515546845709066,Normal
2025-10-21 02:00:00,555.0,633.032650029576,0.00028578355566536025,0,0.2769060298146338,Normal
2025-10-21 03:00:00,542.0,632.7635057229523,0.0002857774440466382,0,0.2767883332519967,Normal
2025-10-21 04:00:00,538.0,643.6496468387808,0.00028571658770732474,0,0.2815487405311402,Normal
2025-10-21 05:00:00,531.0,644.2141598958467,0.00028368656795262423,0,0.2817949887305077,Normal
2025-10-21 06:00:00,561.0,643.9116988470895,0.00028577902860543806,0,0.28166335258521685,Normal
2025-10-21 07:00:00,564.0,649.1570363085953,0.00028241157284485124,0,0.28395608795873256,Normal
2025-10-21 08:00:00,640.0,719.3352395295931,0.00025346153234696877,0,0.3146357898719802,Normal
2025-10-21 09:00:00,791.0,895.2976463682422,0.0006830597821857895,0,0.39171167251233724,Normal
2025-10-21 10:00:00,908.0,991.0063430003668,0.0013565316775715308,0,0.43376638883699836,Normal
2025-10-21 11:00:00,969.0,936.6664747905484,0.0037784986106822577,0,0.4107305737176057,Normal
2025-10-21 12:00:00,941.0,1005.6279139265399,0.003252477519864557,0,0.44072907276730267,Normal
2025-10-21 13:00:00,1024.0,1045.3934347067418,0.0025556779349952797,0,0.45790918838432126,Normal
2025-10-21 14:00:00,1052.0,1026.0506361711596,0.0031635080631826342,0,0.44963308083034165,Normal
2025-10-21 15:00:00,1038.0,1052.3770856456226,0.0010309595089868348,0,0.4605056695413538,Normal
2025-10-21 16:00:00,984.0,956.1555057504554,0.0006395484030854306,0,0.4183112915589068,Normal
2025-10-21 17:00:00,880.0,945.2853872277997,0.00025265275319664304,0,0.41344180388429363,Normal
2025-10-21 18:00:00,809.0,862.6460601639214,0.0002805056360090664,0,0.3773126194903136,Normal
2025-10-21 19:00:00,753.0,813.1111568366482,0.00027595428864834114,0,0.35565002296520576,Normal
2025-10-21 20:00:00,684.0,790.8524993780218,0.000290567247577994,0,0.3459208676458589,Normal
2025-10-21 21:00:00,615.0,778.2082189621552,0.00024496876372158524,0,0.3403779418107481,Normal
2025-10-21 22:00:00,577.0,754.4023158193964,0.00023694434641629317,0,0.32996539667605906,Normal
2025-10-21 23:00:00,567.0,730.6721304091946,0.0002461275383168537,0,0.31959112460450473,Normal
2025-10-22 00:00:00,563.0,700.0786941422259,0.00025491520049091774,0,0.3062154872163594,Normal
2025-10-22 01:00:00,548.0,692.4036581182179,0.0002784850543777984,0,0.30286632412319536,Normal
2025-10-22 02:00:00,539.0,695.7181289764569,0.0002460152513112322,0,0.3043059757212989,Normal
2025-10-22 03:00:00,543.0,689.7723337228035,0.00023747615347932243,0,0.3017033635924158,Normal
2025-10-22 04:00:00,535.0,705.7335645134169,0.00024557223480167506,0,0.3086855155192322,Normal
2025-10-22 05:00:00,536.0,703.656358156796,0.00024557223480167506,0,0.3077771692027109,Normal
2025-10-22 06:00:00,552.0,702.9311498534995,0.00023747615347932243,0,0.3074576123814205,Normal
2025-10-22 07:00:00,565.0,707.534145582753,0.00023747615347932243,0,0.30947046690706925,Normal
2025-10-22 08:00:00,641.0,747.5217037371608,0.0005936893444970197,0,0.32706358158783433,Normal
2025-10-22 09:00:00,767.0,879.2260725744898,0.0014538829742015075,0,0.3849149442234174,Normal
2025-10-22 10:00:00,850.0,954.6513155573474,0.0012960425281695201,0,0.4178504690280623,Normal
2025-10-22 11:00:00,891.0,1013.2440894103944,0.0012743697659093622,0,0.44346613523027756,Normal
2025-10-22 12:00:00,879.0,1043.4368485110851,0.0035946433908832644,0,0.4573652779705119,Normal
2025-10-22 13:00:00,932.0,1038.9599477352112,0.0017095716820051533,0,0.45484204228263686,Normal
2025-10-22 14:00:00,955.0,1048.8724222449648,0.0017689185686512426,0,0.4591944949885439,Normal
2025-10-22 15:00:00,949.0,1036.6862528422073,0.0010492776158814296,0,0.45364968482499846,Normal
2025-10-22 16:00:00,903.0,985.9771719049023,0.001059996004641891,0,0.43147821040927353,Normal
2025-10-22 17:00:00,825.0,925.0788112898632,0.0003083146759887899,0,0.4046223226736831,Normal
2025-10-22 18:00:00,785.0,868.0510006095753,0.00023758454397095966,0,0.3796632819267628,Normal
2025-10-22 19:00:00,751.0,797.5123139416186,0.0002461275383168537,0,0.34881982126902455,Normal
2025-10-22 20:00:00,700.0,778.5515613737674,0.0002560653222732092,0,0.3405314117664246,Normal
2025-10-22 21:00:00,637.0,770.4731592501637,0.000279366013217178,0,0.33700577904052437,Normal
2025-10-22 22:00:00,586.0,747.3327965085966,0.0002687055171563368,0,0.32688347876578033,Normal
2025-10-22 23:00:00,589.0,742.659970976679,0.0002685288069450311,0,0.32484003519301885,Normal
2025-10-23 00:00:00,556.0,707.1870388355054,0.0002857640524546965,0,0.309333166173715,Normal
2025-10-23 01:00:00,547.0,696.5996442934262,0.0002857640524546965,0,0.30470338020988813,Normal
2025-10-23 02:00:00,548.0,692.2764440285209,0.0002857656369392648,0,0.30281287855784794,Normal
2025-10-23 03:00:00,536.0,692.8551278235972,0.00028367327431178007,0,0.3030653048087747,Normal
2025-10-23 04:00:00,538.0,700.1542683243592,0.00028244680290368126,0,0.3062567947039633,Normal
2025-10-23 05:00:00,538.0,703.6066079484287,0.00028367327431178007,1,0.3411001774655432,Normal
2025-10-23 06:00:00,549.0,704.3183368436376,0.00028367327431178007,2,0.37474474435459143,Normal
2025-10-23 07:00:00,566.0,712.3919698549987,0.0002844813003653514,3,0.41160885753292864,Normal
2025-10-23 08:00:00,632.0,779.3033589120566,0.00025275919383782255,4,0.47419250852547823,Normal
2025-10-23 09:00:00,749.0,1024.2923018384051,0.0004201768189533471,5,0.6147078420835286,Normal
2025-10-23 10:00:00,842.0,1177.9896628729146,0.0007863532172801572,6,0.7153616987205254,High
2025-10-23 11:00:00,867.0,1207.2831124889667,0.000736506546201079,5,0.6948232109381038,High
2025-10-23 12:00:00,882.0,1206.4853803982835,0.003781035900222924,4,0.6620543943212956,High
2025-10-23 13:00:00,944.0,1223.598178888579,0.0013068366774044815,3,0.6354620959956032,Normal
2025-10-23 14:00:00,974.0,1222.8398117766278,0.0009831766209552038,2,0.6017000365571983,Normal
2025-10-23 15:00:00,984.0,1161.0304605191077,0.0020655686611566726,1,0.5416626683182063,Normal
2025-10-23 16:00:00,937.0,1117.8911815567108,0.0019569975086121153,0,0.48943228971817343,Normal
2025-10-23 17:00:00,868.0,937.0684002764342,0.000254409559357904,0,0.409849105916799,Normal
2025-10-23 18:00:00,825.0,867.2274037865835,0.0002629272961706563,0,0.37931073221481915,Normal
2025-10-23 19:00:00,766.0,797.1617749376712,0.0002637511920206235,0,0.3486718203627099,Normal
2025-10-23 20:00:00,709.0,786.1466507699914,0.00026869292534351384,0,0.34385647405304093,Normal
2025-10-23 21:00:00,652.0,771.1857036994617,0.0002687135725600075,0,0.3373141734995543,Normal
2025-10-23 22:00:00,602.0,740.8013178396475,0.0002685517489495055,0,0.3240272673961416,Normal
2025-10-23 23:00:00,585.0,734.7855865539426,0.0002681742713282972,0,0.3213965212659807,Normal
2025-10-24 00:00:00,570.0,699.7943423005519,0.0002795851596243113,0,0.3060985433371788,Normal
2025-10-24 01:00:00,551.0,690.0723771005365,0.00025504718840999035,0,0.3018398415574922,Normal
2025-10-24 02:00:00,550.0,686.1901261725873,0.00025574389777682354,0,0.30014237218655676,Normal
2025-10-24 03:00:00,549.0,687.0629953387595,0.00025503304518526053,0,0.3005238578839769,Normal
2025-10-24 04:00:00,533.0,703.017722889134,0.00027856355768064977,0,0.3075077963233536,Normal
2025-10-24 05:00:00,537.0,708.009949723955,0.0002375430993604294,1,0.34301188580483943,Normal
2025-10-24 06:00:00,568.0,711.2264713157465,0.0002375430993604294,2,0.37775177921854336,Normal
2025-10-24 07:00:00,570.0,719.6857658323398,0.0002375430993604294,3,0.414784296790373,Normal
2025-10-24 08:00:00,633.0,781.1197160263172,0.0003725564378980239,4,0.4750227266536817,Normal
2025-10-24 09:00:00,751.0,1012.5799211887431,0.0005762781914687038,5,0.6096329387845687,Normal
2025-10-24 10:00:00,844.0,1146.6220234906448,0.0009703727647193702,6,0.701700077847714,High
2025-10-24 11:00:00,892.0,1198.6333965023393,0.0009462395280807108,5,0.6911036767542056,High
2025-10-24 12:00:00,912.0,1179.5808226698837,0.004651613364965312,4,0.6505504120034332,High
2025-10-24 13:00:00,970.0,1195.9629523359824,0.003968542676783387,3,0.6241759363975699,Normal
2025-10-24 14:00:00,1024.0,1220.915631819246,0.003940085178575705,2,0.60174568007193,Normal
2025-10-24 15:00:00,1022.0,1159.1721684818851,0.0019233411270679452,1,0.5408073832846622,Normal
2025-10-24 16:00:00,959.0,1123.7144614943252,0.0018895855119470425,0,0.49195854151606666,Normal
2025-10-24 17:00:00,872.0,944.8420953268379,0.00030233137461343075,0,0.4132628593419091,Normal
2025-10-24 18:00:00,790.0,866.0050998854628,0.00039301073866555847,0,0.3788152531802592,Normal
2025-10-24 19:00:00,713.0,799.8346780870627,0.0001730243717381291,0,0.3498134422455177,Normal
2025-10-24 20:00:00,637.0,781.7661499423788,0.00019541260894077338,0,0.3419189307366698,Normal
2025-10-24 21:00:00,586.0,746.2153102623412,0.0001876177649398321,0,0.3263704843247334,Normal
2025-10-24 22:00:00,567.0,723.8324278466555,0.0001996545898560629,0,0.3165862335497115,Normal
2025-10-24 23:00:00,558.0,717.6086212513197,0.00019509587729403606,0,0.3138632433212255,Normal
2025-10-25 00:00:00,549.0,695.2132641489993,9.649962773254541e-05,0,0.30404034753962256,Normal
2025-10-25 01:00:00,535.0,686.9611888000384,9.623956232886061e-05,0,0.30043170062505614,Normal
2025-10-25 02:00:00,531.0,678.6611740551307,9.621853061142367e-05,0,0.2968021618925447,Normal
2025-10-25 03:00:00,527.0,678.0728357094995,9.624490028012048e-05,0,0.29654489398324624,Normal
2025-10-25 04:00:00,524.0,671.3252421162728,9.65049801070054e-05,0,0.2935943013787062,Normal
2025-10-25 05:00:00,518.0,670.5426629273435,9.65049801070054e-05,0,0.29325208553607485,Normal
2025-10-25 06:00:00,522.0,680.6660023245121,9.65049801070054e-05,0,0.2976789437646776,Normal
2025-10-25 07:00:00,526.0,672.4003014282108,9.799704359876783e-05,0,0.2940648641420331,Normal
2025-10-25 08:00:00,560.0,678.2808581828151,9.568065749503981e-05,0,0.29663569133334045,Normal
2025-10-25 09:00:00,613.0,697.4059864672087,0.0002489740767051436,0,0.3050449504297671,Normal
2025-10-25 10:00:00,651.0,717.018248139845,0.0002885511150233384,0,0.31363311428493773,Normal
2025-10-25 11:00:00,662.0,702.4079398143184,0.0005040663862271507,0,0.3073087937370674,Normal
2025-10-25 12:00:00,682.0,707.7171975947259,0.0006247605375792737,0,0.3096666994551018,Normal
2025-10-25 13:00:00,726.0,780.6265911068158,0.00026951712961534004,0,0.34144284180445034,Normal
2025-10-25 14:00:00,718.0,773.779014833343,0.00027636016516382334,0,0.3384505024318051,Normal
2025-10-25 15:00:00,691.0,756.7306278764565,0.0002347824406820878,0,0.330982901006674,Normal
2025-10-25 16:00:00,654.0,704.9060018877884,0.00024906245845333224,0,0.30832467583382267,Normal
2025-10-25 17:00:00,621.0,714.2144380035762,9.324327524213395e-05,0,0.31234843738854434,Normal
2025-10-25 18:00:00,595.0,704.418605901084,8.305926416809829e-05,0,0.308061740370244,Normal
2025-10-25 19:00:00,579.0,688.2397847863853,8.305926416809829e-05,0,0.3009868666975578,Normal
2025-10-25 20:00:00,562.0,693.7354057027981,8.305926416809829e-05,0,0.30339005933198704,Normal
2025-10-25 21:00:00,545.0,707.6376260267725,8.305926416809829e-05,0,0.3094693930402144,Normal
2025-10-25 22:00:00,540.0,698.998787930627,9.324327524213395e-05,0,0.3056947509826719,Normal
2025-10-25 23:00:00,538.0,701.6308664340311,9.324327524213395e-05,0,0.3068457386087887,Normal
2025-10-26 00:00:00,537.0,688.1558037425227,9.324327524213395e-05,0,0.3009531976382149,Normal
2025-10-26 01:00:00,517.0,677.0314983066951,9.324327524213395e-05,0,0.2960886246821944,Normal
2025-10-26 02:00:00,516.0,669.6240445220328,9.324327524213395e-05,0,0.2928494022820447,Normal
2025-10-26 03:00:00,516.0,671.1403724484064,9.336254726423334e-05,0,0.2935125165691497,Normal
2025-10-26 04:00:00,517.0,668.1430327750652,9.336254726423334e-05,0,0.29220180305098403,Normal
2025-10-26 05:00:00,510.0,665.9594183153379,9.336254726423334e-05,0,0.2912469252917889,Normal
2025-10-26 06:00:00,510.0,666.9037561994558,9.336254726423334e-05,0,0.29165987696404616,Normal
2025-10-26 07:00:00,506.0,674.670658755988,9.5529087764738e-05,0,0.29505693350155593,Normal
2025-10-26 08:00:00,496.0,685.0595179276977,9.324327524213395e-05,0,0.29959921573563264,Normal
2025-10-26 09:00:00,476.0,692.7204585194169,0.0002490963310211239,0,0.30299604187788637,Normal
2025-10-26 10:00:00,497.0,709.226960009329,0.00022791113992102032,0,0.31020785209365065,Normal
2025-10-26 11:00:00,497.0,727.8679279572707,0.0002040458799079879,0,0.3183522440059134,Normal
2025-10-26 12:00:00,534.0,743.8526641249896,0.0006417561308569439,0,0.3254735589037094,Normal
2025-10-26 13:00:00,558.0,800.277242548545,0.00028007700442696714,0,0.3500390880604609,Normal
2025-10-26 14:00:00,553.0,806.557172014141,0.0002030156057961885,0,0.35276213435383125,Normal
2025-10-26 15:00:00,564.0,795.096558818007,0.0002361589427231947,0,0.3477604396095298,Normal
2025-10-26 16:00:00,572.0,784.544734773165,0.00024949971586800857,0,0.3431502105817033,Normal
2025-10-26 17:00:00,577.0,712.3719257099624,9.336254726423334e-05,0,0.31154275675699117,Normal
2025-10-26 18:00:00,564.0,716.7124279653764,9.336254726423334e-05,0,0.3134408249113615,Normal
2025-10-26 19:00:00,556.0,715.9663936129973,9.336254726423334e-05,0,0.3131145898438527,Normal
2025-10-26 20:00:00,550.0,719.0321404255989,9.336254726423334e-05,0,0.31445521727633546,Normal
2025-10-26 21:00:00,535.0,716.4958681531264,8.305926416809829e-05,0,0.31334303399104263,Normal
2025-10-26 22:00:00,537.0,713.427774038113,9.336254726423334e-05,0,0.3120044710862506,Normal
2025-10-26 23:00:00,529.0,709.6009276451723,8.305926416809829e-05,0,0.3103279296933541,Normal
